[{"name":"Micah Figuero","phone":"(175) 897-5654","email":"vestibulum.ut@aol.net","password":"hPbID53PBJ8Yl","username":"Aimee","company":"Tempor Diam Company","nationality":"Norway"},{"name":"Salvador Robles","phone":"(149) 416-0327","email":"ut.nec.urna@aol.com","password":"hSfZR22LDE5Js","username":"Moana","company":"Sagittis Felis LLC","nationality":"Nigeria"},{"name":"Daphne Solomon","phone":"(465) 633-1234","email":"facilisis@hotmail.net","password":"kXwSX24ASJ0Eq","username":"Ila","company":"Non LLP","nationality":"Philippines"},{"name":"Inga Dudley","phone":"(785) 320-8427","email":"diam.luctus@yahoo.org","password":"oEeJB37YRE5Pp","username":"Samson","company":"Eu PC","nationality":"India"},{"name":"Farrah Bartlett","phone":"1-975-537-1622","email":"hendrerit.a@google.couk","password":"hMmHQ80SSX3Rv","username":"Brynne","company":"Consectetuer Incorporated","nationality":"Belgium"},{"name":"Bethany Martinez","phone":"(344) 341-3583","email":"dapibus.quam@outlook.couk","password":"eIqCV98NVL2Ft","username":"Dante","company":"Lorem Vitae Corporation","nationality":"Australia"},{"name":"Olga Harmon","phone":"(535) 736-8745","email":"vel.venenatis@yahoo.edu","password":"iIsNH42FEK2Gr","username":"Louis","company":"Eu Industries","nationality":"Peru"},{"name":"Tiger Oneal","phone":"1-330-563-3873","email":"a.auctor.non@aol.org","password":"vXqIF11GSI6Bt","username":"Stephanie","company":"Pellentesque Massa Lobortis Inc.","nationality":"Austria"},{"name":"rungraditdwdw","phone":"0983301018","email":"rungraditwew","password":"Nvd0866053321","company":"testseg","nationality":"ewtewfewf","username":null},{"name":"qwdwqfq","phone":"0983301018wq","email":"dqw","password":"Nvd0866053321d","company":"testseg","nationality":"ewtewfewf","username":"Kylynn"},{"name":"Hakeem Gillespie","phone":"1-824-119-7226","email":"semper.erat.in@protonmail.ca","password":"uHkGP44PZG1Ki","username":"Rowan","company":"Vulputate Velit Eu Incorporated","nationality":"Australia"},{"name":"Laith Tillman","phone":"(946) 933-3197","email":"purus.nullam.scelerisque@yahoo.net","password":"hHbMJ30BNT5Ms","username":"Uriah","company":"Gravida Molestie Company","nationality":"Indonesia"},{"name":"Dean Clements","phone":"1-177-836-7163","email":"facilisis.eget.ipsum@yahoo.com","password":"jKsEU25HAT2Uo","username":"Bryar","company":"Aliquet Vel Vulputate Institute","nationality":"Poland"},{"name":"Drew Payne","phone":"1-964-982-5491","email":"mauris@hotmail.com","password":"mJbFX15JKQ3Vu","username":"Adrian","company":"Molestie Associates","nationality":"Norway"},{"name":"Cora Foreman","phone":"(533) 823-6188","email":"eget.ipsum.suspendisse@outlook.edu","password":"hBxGG22QEY8Ge","username":"Oscar","company":"Vivamus Molestie LLP","nationality":"United States"},{"name":"Nero Woodard","phone":"1-756-145-6998","email":"eu@outlook.ca","password":"wChEM48XRS5Ps","username":"Aphrodite","company":"Vestibulum Foundation","nationality":"Germany"},{"name":"Hanae Bond","phone":"1-853-416-6337","email":"sem.consequat.nec@protonmail.net","password":"qCsNY75RIM0Li","username":"Marah","company":"Malesuada Consulting","nationality":"Philippines"},{"name":"Emery Harrington","phone":"(750) 611-1035","email":"ligula@aol.org","password":"iKiWG74WQM2Tn","username":"Stephanie","company":"Euismod Foundation","nationality":"Colombia"},{"name":"Mallory Reeves","phone":"1-655-719-7060","email":"eleifend.nec@yahoo.com","password":"sIlKI65BEC0Ds","username":"Judah","company":"Aliquam Erat Industries","nationality":"Colombia"},{"name":"Cara Arnold","phone":"1-248-752-1173","email":"eu.placerat@outlook.couk","password":"dKcOD51TUQ3Aq","username":"Maris","company":"Neque Non Quam Incorporated","nationality":"Philippines"}]