[{"itemId":117462,"name":"Silver Key","holdStock":1},{"itemId":1650,"name":"Full Potion Heal","holdStock":1},{"itemId":135007,"name":"Attack Ring","holdStock":1},{"itemId":1050,"name":"Small Potion Heal","holdStock":1},{"itemId":135007,"name":"Attack Ring","holdStock":1},{"itemId":117462,"name":"Silver Key","holdStock":1},{"itemId":5830,"name":"Big Potion Heal","holdStock":1},{"itemId":68411,"name":"Defense Ring","holdStock":1},{"itemId":19001,"name":"Full MP Potion","holdStock":1},{"itemId":3315,"name":"Medium Potion Heal","holdStock":1},{"itemId":117462,"name":"Silver Key","holdStock":1},{"itemId":10235,"name":"Small MP Potion","holdStock":1},{"itemId":892,"name":"Medium MP Potion","holdStock":1},{"itemId":1650,"name":"Full Potion Heal","holdStock":1},{"itemId":117462,"name":"Silver Key","holdStock":1},{"itemId":892,"name":"Medium MP Potion","holdStock":1},{"itemId":14736,"name":"Big MP Potion","holdStock":1},{"itemId":118930,"name":"Lucky Key","holdStock":1},{"itemId":1050,"name":"Small Potion Heal","holdStock":1},{"itemId":10235,"name":"Small MP Potion","holdStock":1},{"itemId":892,"name":"Medium MP Potion","holdStock":1},{"itemId":118930,"name":"Lucky Key","holdStock":1},{"itemId":118930,"name":"Lucky Key","holdStock":1},{"itemId":3315,"name":"Medium Potion Heal","holdStock":1},{"itemId":68411,"name":"Defense Ring","holdStock":1},{"itemId":118930,"name":"Lucky Key","holdStock":1},{"itemId":3315,"name":"Medium Potion Heal","holdStock":1},{"itemId":118930,"name":"Lucky Key","holdStock":1},{"itemId":117462,"name":"Silver Key","holdStock":1},{"itemId":892,"name":"Medium MP Potion","holdStock":1},{"itemId":117462,"name":"Silver Key","holdStock":1},{"itemId":19001,"name":"Full MP Potion","holdStock":1},{"itemId":5830,"name":"Big Potion Heal","holdStock":1},{"itemId":135007,"name":"Attack Ring","holdStock":1},{"itemId":117462,"name":"Silver Key","holdStock":1},{"itemId":1050,"name":"Small Potion Heal","holdStock":1},{"itemId":135007,"name":"Attack Ring","holdStock":1},{"itemId":117462,"name":"Silver Key","holdStock":1},{"itemId":19001,"name":"Full MP Potion","holdStock":1},{"itemId":892,"name":"Medium MP Potion","holdStock":1},{"itemId":118930,"name":"Lucky Key","holdStock":1},{"itemId":3315,"name":"Medium Potion Heal","holdStock":1},{"itemId":14736,"name":"Big MP Potion","holdStock":1},{"itemId":1050,"name":"Small Potion Heal","holdStock":1},{"itemId":1050,"name":"Small Potion Heal","holdStock":1},{"itemId":892,"name":"Medium MP Potion","holdStock":1},{"itemId":68411,"name":"Defense Ring","holdStock":1},{"itemId":14736,"name":"Big MP Potion","holdStock":1},{"itemId":1650,"name":"Full Potion Heal","holdStock":1},{"itemId":892,"name":"Medium MP Potion","holdStock":1},{"itemId":118930,"name":"Lucky Key","holdStock":1},{"itemId":117462,"name":"Silver Key","holdStock":1},{"itemId":14736,"name":"Big MP Potion","holdStock":1},{"itemId":1050,"name":"Small Potion Heal","holdStock":1},{"itemId":892,"name":"Medium MP Potion","holdStock":1},{"itemId":68411,"name":"Defense Ring","holdStock":1},{"itemId":10235,"name":"Small MP Potion","holdStock":1},{"itemId":117462,"name":"Silver Key","holdStock":1},{"itemId":5830,"name":"Big Potion Heal","holdStock":1},{"itemId":892,"name":"Medium MP Potion","holdStock":1},{"itemId":117462,"name":"Silver Key","holdStock":1},{"itemId":1050,"name":"Small Potion Heal","holdStock":1},{"itemId":892,"name":"Medium MP Potion","holdStock":1},{"itemId":10235,"name":"Small MP Potion","holdStock":1},{"itemId":14736,"name":"Big MP Potion","holdStock":1},{"itemId":118930,"name":"Lucky Key","holdStock":1},{"itemId":68411,"name":"Defense Ring","holdStock":1},{"itemId":1050,"name":"Small Potion Heal","holdStock":1},{"itemId":118930,"name":"Lucky Key","holdStock":1},{"itemId":117462,"name":"Silver Key","holdStock":1},{"itemId":135007,"name":"Attack Ring","holdStock":1},{"itemId":118930,"name":"Lucky Key","holdStock":1},{"itemId":118930,"name":"Lucky Key","holdStock":1},{"itemId":1050,"name":"Small Potion Heal","holdStock":1},{"itemId":10235,"name":"Small MP Potion","holdStock":1},{"itemId":1050,"name":"Small Potion Heal","holdStock":1},{"itemId":5830,"name":"Big Potion Heal","holdStock":1},{"itemId":1050,"name":"Small Potion Heal","holdStock":1},{"itemId":1050,"name":"Small Potion Heal","holdStock":1},{"itemId":892,"name":"Medium MP Potion","holdStock":1},{"itemId":3315,"name":"Medium Potion Heal","holdStock":1},{"itemId":892,"name":"Medium MP Potion","holdStock":1},{"itemId":5830,"name":"Big Potion Heal","holdStock":1},{"itemId":14736,"name":"Big MP Potion","holdStock":1},{"itemId":14736,"name":"Big MP Potion","holdStock":1},{"itemId":68411,"name":"Defense Ring","holdStock":1},{"itemId":117462,"name":"Silver Key","holdStock":1},{"itemId":3315,"name":"Medium Potion Heal","holdStock":1},{"itemId":117462,"name":"Silver Key","holdStock":1},{"itemId":14736,"name":"Big MP Potion","holdStock":1},{"itemId":135007,"name":"Attack Ring","holdStock":1},{"itemId":118930,"name":"Lucky Key","holdStock":1},{"itemId":117462,"name":"Silver Key","holdStock":1},{"itemId":19001,"name":"Full MP Potion","holdStock":1},{"itemId":117462,"name":"Silver Key","holdStock":1},{"itemId":892,"name":"Medium MP Potion","holdStock":1},{"itemId":118930,"name":"Lucky Key","holdStock":1},{"itemId":1050,"name":"Small Potion Heal","holdStock":1},{"itemId":3315,"name":"Medium Potion Heal","holdStock":1},{"itemId":117462,"name":"Silver Key","holdStock":1}]